time,seconds_elapsed,z,y,x
1761508309126728000,0.10972802734375,0.025251345634460447,-0.0023472937785089013,0.005160652432497591
1761508309136698600,0.11969873046875,0.02494973233938217,-0.0022412578544579445,-0.00006251644273288548
1761508309146670800,0.1296708984375,0.024495558831095693,0.0030166444074362516,-0.004437955047981813
1761508309156642000,0.13964208984375,0.01581073259413242,0.0028836108786053955,0.0016827654551714658
1761508309166614000,0.149614013671875,0.0195499191224575,-0.004804313275497406,0.004827063963422551
1761508309176585000,0.1595849609375,0.0229921685308218,0.007024966733343899,0.0011193776850588618
1761508309186556200,0.16955615234375,0.020446575701236723,0.008943751167785376,0.004639596833614632
1761508309196527900,0.17952783203125,0.02478898881971836,0.0036327852780930698,0.00935515411342494
1761508309206499000,0.1894990234375,0.018956044882535935,0.002221676371153444,-0.0016639511568471788
1761508309216470000,0.199469970703125,0.02359948677420616,0.007165873041376471,0.000765577545017004
1761508309226442000,0.20944189453125,0.01312602355480194,0.008034856161940843,0.0014560074945911764
1761508309236413000,0.219412841796875,0.024803601866960526,-0.0008739880892448126,0.001969802235625684
1761508309246385200,0.22938525390625,0.01927344026863575,-0.007414514040201902,0.002356828791834414
1761508309256356000,0.239356201171875,0.018677227941155432,0.0026091413187794388,0.0026609993701800705
1761508309266326800,0.249326904296875,0.015086509972810745,0.0033479039221070706,-0.0014068893895484507
1761508309276299000,0.259299072265625,0.02002279733121395,-0.0009433452647179364,0.004617028808780014
1761508309286270000,0.26927001953125,0.01957446904182434,0.008031897019874303,-0.0061836479378398505
1761508309296241200,0.2792412109375,0.027474866902828216,-0.00313572247615084,-0.000636453006323427
1761508309306212900,0.289212890625,0.02241173829436302,-0.004111855765618384,-0.0022226444855332375
1761508309316184000,0.29918408203125,0.022357962280511855,-0.0032033078196458515,-0.005342091680318117
1761508309326155800,0.30915576171875,0.02260170790851116,0.00039836993413046,0.004481428863527253
1761508309336127000,0.319126953125,0.0160252521276474,-0.001326718559116125,0.005300179634196683
1761508309346098000,0.329097900390625,0.021112346133589744,-0.009952489818911999,0.003606755787692964
1761508309356070100,0.339070068359375,0.01766834315955639,-0.0043874395702965556,0.0002607515617273748
1761508309366040800,0.349040771484375,0.024853286227583885,-0.00638701588967815,0.0052841418148484075
1761508309376013000,0.359012939453125,0.016171382600069045,-0.004785224982537329,0.002553447342477739
1761508309385984000,0.36898388671875,0.02215337961912155,-0.0006850048557855189,0.002315008077258244
1761508309395955200,0.378955078125,0.02708031462728977,-0.0007692125405184924,0.00201949572940357
1761508309405927000,0.388927001953125,0.020506196933984755,-0.011271719191316514,0.004506334975920618
1761508309415898000,0.398898193359375,0.017819734328985214,0.002006554049439728,-0.004037210493674502
1761508309425869800,0.408869873046875,0.022295418438315392,-0.004195369330607354,0.008865251704631373
1761508309435841000,0.418841064453125,0.02587736857831478,-0.004941000066138804,0.0064711505091749125
1761508309445812000,0.42881201171875,0.02123451120853424,0.00611623612428084,-0.003286757452553138
1761508309455784200,0.4387841796875,0.022426351341605186,-0.006007021862454712,-0.002602812042692676
1761508309465755000,0.4487548828125,0.02167757880091667,-0.00586153071084991,0.0014573409351520239
1761508309475726000,0.45872607421875,0.021527941197156904,-0.0005840469656512141,0.0013300886931363492
1761508309485698000,0.468697998046875,0.02271802776455879,0.00047057665381580586,0.001762799288285896
1761508309495669200,0.478669189453125,0.009252396991848945,0.005392689356394112,-0.005833044401882216
1761508309505641000,0.488640869140625,0.01853402007818222,0.0069199537225998935,-0.003918561683222651
1761508309515612200,0.498612060546875,0.021225158858299255,-0.004312036246526986,0.0021575342269148676
1761508309525583000,0.5085830078125,0.014794249027967452,-0.005339205603487789,0.001596868136851117
1761508309535555000,0.51855517578125,0.01822889965176582,-0.0014985131957568228,0.012790818517375737
1761508309545526000,0.528526123046875,0.024356442621350286,0.008857187129184603,0.004895516956597567
1761508309555498200,0.538498291015625,0.010288169780373573,0.005964041237253696,0.0031188626728951927
1761508309565469000,0.548468994140625,0.018967735320329665,0.003196457953751087,0.0033481139846611766
1761508309575440000,0.55843994140625,0.020466449445486066,0.0005434957595542072,0.0016161938918288796
1761508309585412000,0.568412109375,0.014333645778894424,-0.006340856926701962,0.00660443063317798
1761508309595383000,0.578383056640625,0.020468203011155126,-0.0009791837630793452,0.008232579824281857
1761508309605354000,0.58835400390625,0.01971475429534912,-0.0008404694121330976,0.0023668113297317175
1761508309615326000,0.598325927734375,0.01912088005542755,0.0006953435867093503,0.003038107320573181
1761508309625297200,0.608297119140625,0.02107552125453949,-0.0014569390763528643,0.005901533927675336
1761508309635268900,0.618268798828125,0.024372224712371826,0.007308277186751365,-0.0005508205494843423
1761508309645240000,0.628239990234375,0.00611468348801136,0.0017169965183362363,-0.0034181470135692506
1761508309655211000,0.6382109375,0.024216741889715194,-0.001207403028383851,0.0028945797971915454
1761508309665183000,0.648182861328125,0.016883914783596993,-0.001673869762662798,0.0037922318898141382
1761508309675154000,0.65815380859375,0.01703939760625362,0.002960877365898341,0.0070439180289860815
1761508309685126100,0.668126220703125,0.019729951864480972,0.004142086507100612,0.007567129052337258
1761508309695097000,0.67809716796875,0.023024901756644248,-0.0034133338411338624,-0.000748188018798828
1761508309705068000,0.688068115234375,0.013604162460565566,-0.0017707542658783495,0.004418656692467629
1761508309715040000,0.6980400390625,0.011213467931747436,0.0019452157836407423,-0.0014062135361135005
1761508309725011200,0.70801123046875,0.012559037321805954,0.0017301665271632373,0.007430433128541335
1761508309734983000,0.71798291015625,0.017793430843949316,-0.0017767821478657424,-0.0011386943068820983
1761508309744954000,0.7279541015625,0.00851239227950573,0.001399966458417475,0.0009107307699043303
1761508309754925000,0.737925048828125,0.010310966134071349,0.004784987520519644,-0.005181065032863989
1761508309764897000,0.74789697265625,0.016748305705189703,-0.0033936792925931512,0.00651498051774688
1761508309774868000,0.757867919921875,0.0145002345174551,-0.003126497990079224,0.0030064518069848416
1761508309784839000,0.7678388671875,0.024525953969359398,-0.001134264726936817,0.0011317896420601754
1761508309794811100,0.77781103515625,0.025875030490756033,-0.0047157034102827304,0.004605384036758914
1761508309804781800,0.78778173828125,0.018996961414813995,-0.005439779901131987,-0.0019932835759129373
1761508309814754000,0.797754150390625,0.02303483862876892,0.001061455219052732,0.00567874888931401
1761508309824725000,0.80772509765625,0.019445289704203606,-0.002229877943918109,0.007411646229680627
1761508309834696000,0.817696044921875,0.020348376023769377,-0.0016013890483416616,-0.0013812069590203463
1761508309844668000,0.82766796875,0.012268529942631721,-0.0032057372387498616,0.004196456175995991
1761508309854639000,0.83763916015625,0.020199907463788986,0.0006066789225675166,0.0061757842917926605
1761508309864610800,0.84761083984375,0.017355623948574064,0.007703779310360551,0.0034435097836889323
1761508309874582000,0.85758203125,0.013314824125170707,0.003916040932573378,0.003932224882394075
1761508309884553000,0.867552978515625,0.021995558708906172,-0.0002506685591302812,-0.00017263488685712218
1761508309894525000,0.87752490234375,0.020353636720776558,0.0026703699867241084,-0.007263141137082129
1761508309904495900,0.887495849609375,0.013327099084854126,0.0028571612630970775,-0.0015354476726613937
1761508309914468000,0.897468017578125,0.02020633720457554,-0.002030355050135404,0.003286474324762821
1761508309924439000,0.90743896484375,0.023045944544672965,-0.004404463770333677,-0.0074781721272505815
1761508309934410000,0.917409912109375,0.018257541224360466,0.0034403679785318672,0.006939060281869023
1761508309944382000,0.9273818359375,0.023347557839751242,0.006343195014260709,-0.0029665855874773115
1761508309954353200,0.937353271484375,0.01003039562702179,-0.0026837043923325834,-0.0042778691154439
1761508309964324900,0.947324951171875,0.02259703173339367,-0.006998608449380844,-0.0017034429170191287
1761508309974296000,0.957296142578125,0.018108488142490387,0.0013449848681688307,0.003895390870189294
1761508309984267000,0.96726708984375,0.01990823104083538,0.0021278971404768525,0.0031797260146588084
1761508309994239000,0.977239013671875,0.017816227197647094,0.0010924531455151737,-0.003414411553367972
1761508310004210000,0.9872099609375,0.020358897417783735,0.00237577095432207,0.003932928135292604
1761508310014181000,0.99718115234375,0.02260170790851116,-0.01032318629482761,0.002827935168612748
1761508310024153000,1.007153076171875,0.019311434191465377,-0.0014347089782357214,-0.010901095780637115
1761508310034124000,1.0171240234375,0.0139250649780035,0.0008807648899033665,-0.009708835522457956
1761508310044096000,1.027095947265625,0.01377484285235405,-0.001075666407495737,-0.0017173070455901323
1761508310054067200,1.037067138671875,0.02050385884642601,-0.005647540900297463,-0.00031208902332000433
1761508310064038100,1.0470380859375,0.026487609431147575,0.0012949899802915752,0.008133439431898296
1761508310074010000,1.057010009765625,0.019756839871406553,0.002309391187224537,0.005954003900429233
1761508310083981000,1.06698095703125,0.014671499431133269,-0.0011994937165640293,0.0006217303612269461
1761508310093953000,1.076953125,0.024843933877348897,-0.0015105324271135032,0.004666000783350319
1761508310103924000,1.086924072265625,0.01975216369628906,-0.003648402972333133,0.000754964819457382
1761508310113895000,1.09689501953125,0.014209727138280868,-0.002717259602062404,0.004811217940319329
1761508310123867100,1.1068671875,0.0228875391125679,-0.005182425872888416,-0.0009185304838698357
1761508310133837800,1.116837890625,0.025725977408885953,0.0003657828387804329,0.004572833474026992
1761508310143810000,1.12681005859375,0.014656301862001418,0.0028836474112235006,-0.004628929309127852
1761508310153780700,1.13678076171875,0.02079436622560024,-0.0019601210918277503,0.0017035433817189185
1761508310163751700,1.146751708984375,0.027524551263451574,-0.0068183382453396914,0.003618117431923747
1761508310173723600,1.1567236328125,0.012113047119975089,-0.005947930352669209,-0.003176447212183848
1761508310183694600,1.166694580078125,0.009867314019799232,-0.001159161706175655,0.006201411923393607
1761508310193666800,1.176666748046875,0.023783026647567748,-0.0020924422346055506,-0.001189027121476829
1761508310203637500,1.186637451171875,0.009416647642850875,-0.0020373875791206953,0.002542140497174114
1761508310213608700,1.196608642578125,0.014354104045033454,0.0002926810699515044,0.0011075228504836558
1761508310223580700,1.20658056640625,0.021836568754911422,0.0018615743544884026,0.004162152047595009
1761508310233551600,1.216551513671875,0.01884206311404705,0.0019181816462427376,0.007950529746199026
1761508310243523600,1.226523681640625,0.018841478592157363,0.0013751790770329534,0.0012032565762288869
1761508310253494800,1.236494873046875,0.014801847812533377,0.0018498473840765654,0.0008041103239636867
1761508310263465700,1.2464658203125,0.02138648689985275,-0.009516838348004967,-0.00029212394752539694
1761508310273437700,1.256437744140625,0.023033669584989546,-0.0012517536267638205,-0.0030528847645968195
1761508310283408600,1.26640869140625,0.008818681749701499,0.001416734930127859,0.004728818620182574
1761508310293379600,1.276379638671875,0.0163040690690279,-0.0036293694783002136,0.002561009594425559
1761508310303351600,1.2863515625,0.013013795351982115,-0.004439863877277821,-0.004350687756482512
1761508310313322500,1.296322509765625,0.019746318477392194,-0.004825319530908018,-0.001400432249298319
1761508310323294700,1.306294677734375,0.020644728621840476,-0.010093980648834258,0.0011696922333445398
1761508310333265700,1.316265625,0.0038853170007467266,-0.00005441533466801047,0.0008343867312185465
1761508310343236600,1.326236572265625,0.013162848433852195,-0.0028587138993665575,0.003118634344032034
1761508310353208600,1.33620849609375,0.012714520144462584,0.001022657578624785,-0.007533226782735437
1761508310363179800,1.3461796875,0.012714520144462584,-0.0008262947563081979,-0.0014745203988160936
1761508310373151500,1.3561513671875,0.011817863565683364,-0.006201539787556976,0.0032411921446211635
1761508310383122700,1.366122802734375,0.014059505012631415,-0.007314286802429706,0.007783447817293927
1761508310393093600,1.37609375,0.02034603793621063,0.0008784816012717783,0.0024771581027191133
1761508310403065600,1.386065673828125,0.02199088253378868,0.005295476059615611,-0.00010002630837261676
1761508310413036500,1.39603662109375,0.02049041484296322,-0.004049403254967183,0.0036537458677310493
1761508310423008800,1.4060087890625,0.015849311038851736,0.002167735960520804,-0.006912446269579231
1761508310432979500,1.4159794921875,0.017047580912709234,0.0003426028925925493,0.01382913032285869
1761508310442950700,1.42595068359375,0.022585925817489624,0.0006371836586855352,0.003706663365056738
1761508310452922600,1.435922607421875,0.019594342786073683,0.001078534218017012,-0.0014684468510560691
1761508310462893800,1.445893798828125,0.014654548296332358,0.001969619572535157,-0.0030261885539162904
1761508310472865500,1.455865478515625,0.016302900025248528,0.0034640411150641736,-0.004550566843291744
1761508310482836700,1.465836669921875,0.019148937106132507,0.0029155038542114198,0.003320668855309486
1761508310492807700,1.4758076171875,0.007774141132831573,0.0009389796168543398,0.003937275516847148
1761508310502779600,1.485779541015625,0.017051088044047355,-0.0007302870359271764,-0.0040963385360781104
1761508310512750600,1.49575048828125,0.027828502646088597,-0.00038140053302049634,-0.0007455394039861858
1761508310522722800,1.505722900390625,0.01840191813111305,0.0015088519266806542,0.0023903657352551816
1761508310532693500,1.515693603515625,0.017205986344814298,-0.00017104571796953678,0.0006999466965906322
1761508310542664400,1.52566455078125,0.018702946904301642,0.0018291516559198497,-0.001314142205333337
1761508310552636700,1.53563671875,0.02139700829386711,0.0017313173046335578,0.0016301858845632522
1761508310562607600,1.545607666015625,0.017656652721762655,-0.0006245981717482209,-0.0013066347523126751
1761508310572578600,1.55557861328125,0.022293080350756642,-0.004153521216567605,0.0019277623253408818
1761508310582550800,1.56555078125,0.022739070552587507,-0.0030220329686068,0.004399230472790077
1761508310592521700,1.575521728515625,0.01779810701906681,0.005455470660608261,-0.0016605444902088491
1761508310602493700,1.58549365234375,0.01300795013308525,0.005712313232198357,0.0014435955375898628
1761508310612464600,1.595464599609375,0.02048983032107353,-0.005970982434693723,-0.0005477609427180141
1761508310622435600,1.605435546875,0.018247604352235793,-0.004161521859932691,-0.006969784213695675
1761508310632407600,1.615407470703125,0.024087562552094457,-0.00479556371346116,-0.0037036128914449363
1761508310642378500,1.62537841796875,0.0180991357922554,0.0008217829779721797,-0.00044462936180643734
1761508310652350700,1.635350830078125,0.01345978555381298,-0.0012766688723117113,0.0033422961652278898
1761508310662321700,1.64532177734375,0.017201310169696806,-0.003886358180362731,-0.0008034344705287366
1761508310672292600,1.655292724609375,0.019447043269872663,-0.004709821658767759,0.0032770397761370984
1761508310682264600,1.6652646484375,0.008968319353461264,-0.00023594591403380035,-0.0023504173173569142
1761508310692235800,1.67523583984375,0.015253683233261107,-0.00043185207862406964,-0.008310366901382803
1761508310702207500,1.68520751953125,0.016149170768260956,-0.0007713862312957644,0.006224381807027384
1761508310712178700,1.6951787109375,0.01255786827802658,-0.010635320983920246,0.0008158281612209975
1761508310722149600,1.705149658203125,0.012407646152377128,0.004162818767875433,0.007928190050227567
1761508310732121600,1.71512158203125,0.025721885755658147,0.0011772636184468864,-0.0007403883048333227
1761508310742092500,1.725092529296875,0.02646948925256729,0.007806034108437597,-0.004227618499239906
1761508310752064800,1.735064697265625,0.026319851648807523,-0.0007301957043819129,-0.0025466888081282376
1761508310762035700,1.74503564453125,0.01449848095178604,0.0036014950906857845,0.0005801288423594087
1761508310772006700,1.755006591796875,0.013901099580526351,0.005054068519175052,-0.003628246100293472
1761508310781978600,1.764978515625,0.014351765957474708,-0.007320680010598152,0.00008009776519611478
1761508310791949800,1.77494970703125,0.019735797083377835,0.0007434022458270192,-0.0014155841526575386
1761508310801921500,1.784921630859375,0.01958849756717682,0.000919599062949419,0.002659200138738379
1761508310811892700,1.794892822265625,0.026917233020067214,-0.003913794176559895,0.0021425101877190172
1761508310821863700,1.80486376953125,0.01689268261194229,-0.0005574512196704745,0.00950906603350304
1761508310831835600,1.814835693359375,0.012705752316117286,0.009535232521221041,0.006743546842923388
1761508310841806600,1.824806640625,0.019890695384144782,0.0014127894073724745,0.0005144340618513524
1761508310851777500,1.834777587890625,0.021685177585482596,-0.0001429156020283699,0.004270197265641764
1761508310861749800,1.844749755859375,0.025867431706190106,0.004283613869640976,0.002974156972579658
1761508310871720400,1.854720458984375,0.010454173997044562,0.004164499268308281,0.004600643929559737
1761508310881692700,1.864692626953125,0.02481470778286457,-0.0003562295591458678,-0.006615646146936342
1761508310891663600,1.87466357421875,0.025413842719793318,0.005769450246915221,0.002921595668280497
1761508310901634800,1.884634765625,0.022874679630994797,0.0019104184648953376,0.005760444956552237
1761508310911606500,1.8946064453125,0.01658990027308464,-0.004321443395689129,0.004778850040677934
1761508310921577700,1.90457763671875,0.013745616757869719,-0.008397351065091789,-0.002918956186622381
1761508310931549400,1.914549560546875,0.027358547046780583,-0.0008049597073346376,0.0021293219125829636
1761508310941520600,1.924520751953125,0.016734861701726913,0.0023384711512364448,-0.0011739574165083467
1761508310951491600,1.93449169921875,0.016883330261707304,-0.007337905140034854,-0.007466984012955799
1761508310961463800,1.9444638671875,0.027056933751702306,0.002922426785342395,-0.0038784214690793305
1761508310971434500,1.9544345703125,0.02660977450609207,0.004352733583096414,-0.0009182382229249924
1761508310981406700,1.96440673828125,0.015388123267889022,0.005317541760951281,-0.005213862190768122
1761508310991377700,1.974377685546875,0.022122399958968163,0.0036935938209295273,0.00398913356824778
1761508311001348600,1.9843486328125,0.020624854877591133,0.006043444882705807,-0.003717020362289622
1761508311011320600,1.994320556640625,0.017927286356687545,0.003486746137216687,-0.0019763324411120266
1761508311021291800,2.004291748046875,0.014336568388342857,0.0011581935917958617,-0.0027764607097022233
1761508311031263500,2.014263427734375,0.02540507489144802,0.0024880722223781047,0.0028746969197876748
1761508311041234700,2.024234619140625,0.005352466943860054,-0.003720299164764583,-0.0017890571075491607
1761508311051205600,2.03420556640625,0.015528408521413802,-0.00014209361812099813,-0.005246385354036465
1761508311061177900,2.044177734375,0.00864566327035427,-0.0009323124140501022,0.0013412311416584998
1761508311071148500,2.0541484375,0.012084990069270133,-0.004737074991874397,-0.0037157143211923537
1761508311081119500,2.064119384765625,0.014181085565686225,-0.0025355646259151397,0.0024262407662346956
1761508311091091700,2.074091796875,0.012684125006198883,0.008390720394905656,-0.0013010726612061262
1761508311101062700,2.084062744140625,0.012983984735608101,0.0002750906143337488,0.001431667637778446
1761508311111034600,2.09403466796875,0.019715338817238807,0.0019388225754722952,-0.004137218535738066
1761508311121005600,2.104005615234375,0.020311551144719123,0.0018487148729152976,0.004917710522096603
1761508311130976800,2.113976806640625,0.01911269674897194,-0.0001597023400478065,-0.0006054002809338272
1761508311140948500,2.123948486328125,0.02420212884247303,0.001553439987078309,0.005339653128059581
1761508311150919700,2.133919677734375,0.021661796709895133,0.0006442527202889323,-0.0016768928368110208
1761508311160892000,2.143891845703125,0.017021861949563025,0.0030657625124789773,-0.0038705212904140353
1761508311170862800,2.15386279296875,0.023456863433122633,-0.013119959140196442,-0.006718585931602865
1761508311180834000,2.163833984375,0.01702420003712177,0.004859623659308999,0.0011953289981000124
1761508311190806000,2.173805908203125,0.016276012018322943,0.004494041749928146,0.001959500037319958
1761508311200777000,2.18377685546875,0.019418401697278022,-0.0021622743341140446,-0.0016023936953395604
1761508311210749000,2.1937490234375,0.01926642600595951,-0.00421801955383271,-0.0008949121462646871
1761508311220720000,2.20372021484375,0.0195674547791481,0.008546641608979553,0.00014287906941026448
1761508311230691000,2.213691162109375,0.016270751321315766,-0.0031040669625625014,0.0011190123588778079
1761508311240663000,2.2236630859375,0.023150573962926864,0.0025553835712373257,0.0010779770955909043
1761508311250634000,2.233634033203125,0.017761866661906243,-0.0017857326393015682,-0.006136255999002606
1761508311260606000,2.24360595703125,0.022700492107868193,-0.00005693608531728386,-0.00398913356824778
1761508311270577000,2.253576904296875,0.02195464217662811,-0.009712854110449552,-0.0014642912657465785
1761508311280548000,2.263548095703125,0.016716741523146627,-0.0009885726459324359,0.0032976624390576035
1761508311290520000,2.27352001953125,0.019553426253795622,0.0005904219075106084,0.009836398291727527
1761508311300491000,2.283490966796875,0.02060147400200367,0.00047262248042970894,0.0026174159567803144
1761508311310463000,2.293462890625,0.016411621096730233,-0.0001606704544275999,0.0035635650999378413
1761508311320434200,2.30343408203125,0.013424714240431785,0.0023309454319067296,-0.006406478641973808
1761508311330405000,2.313405029296875,0.01642038892507553,-0.0002243468077853322,-0.002799174865009263
1761508311340377000,2.323377197265625,0.020314473754167554,0.006548800588957965,0.003993928474374115
1761508311350348000,2.33334814453125,0.015374094742536544,0.004824534079618752,0.00046796457162126895
1761508311360319200,2.3433193359375,0.022708675414323806,-0.000036331688705831766,-0.00017987747839652002
1761508311370291000,2.353291015625,0.010891396370530129,0.0007685184207744896,0.003111391752492636
1761508311380262100,2.36326220703125,0.011936521509289741,0.002903064497746527,-0.00979402045472525
1761508311390234000,2.373234130859375,0.019568039301037787,0.0022252748340368268,-0.0051919608862139284
1761508311400205000,2.383205078125,0.01058627594411373,-0.00461045293752104,-0.0033657409728970375
1761508311410176000,2.393176025390625,0.015974398723244666,-0.003588690408039838,0.00032307620821520684
1761508311420148200,2.403148193359375,0.013580781584978103,-0.005885441309399902,0.0076824899271596215
1761508311430119000,2.413118896484375,0.015829437294602393,-0.0033643070676364004,-0.0019268490098882465
1761508311440091100,2.423091064453125,0.014184008175134658,0.00002997501315549016,-0.002192167148878798
1761508311450062000,2.43306201171875,0.017929039922356605,-0.0013002506772987544,0.008479832583619281
1761508311460033000,2.443032958984375,0.01464051977097988,-0.006409702645521611,0.004596159550687298
1761508311470005000,2.4530048828125,0.012248071676492691,-0.002422130846697837,0.001716366330673918
1761508311479976000,2.462975830078125,0.005061959564685821,0.0051868280533701175,0.004935995097458362
1761508311489948200,2.4729482421875,0.015537176349759102,-0.00506471777735278,-0.001307566334074363
1761508311499918800,2.4829189453125,0.01808043109178543,0.002300952152442187,0.0006232007991056889
1761508311509890000,2.49289013671875,0.01778232492804527,-0.006163052674382925,0.0036818759836722164
1761508311519862000,2.502862060546875,0.01059679733812809,0.002937533022928983,-0.0011685414558742194
1761508311529833000,2.5128330078125,0.0019148937106132505,-0.0010098346296697855,-0.0014107435807585716
1761508311539805000,2.522804931640625,0.017627426627278328,-0.0032131168276071545,0.008831102839857339
1761508311549776100,2.532776123046875,0.025559388670325277,-0.00445997508354485,0.00483806028147228
1761508311559747000,2.5427470703125,0.02286708084642887,-0.0010075513410381972,0.009395093398168682
1761508311569719000,2.552718994140625,0.01538344709277153,-0.006787577780894935,0.004350304163992405
1761508311579690000,2.56268994140625,0.014936287847161292,0.0050040736312977965,-0.003514976717857644
1761508311589662000,2.572661865234375,0.019572130954265594,0.007617562331631779,-0.0005734342400915921
1761508311599633000,2.5826328125,0.020467033967375755,0.0029642383667640385,0.006342683557607233
1761508311609604000,2.59260400390625,0.020018705677986144,0.0009210969002917408,0.002189947792328894
1761508311619576000,2.602576171875,0.02181435692310333,0.0034537571830675004,0.005627110033622011
1761508311629547000,2.612547119140625,0.015678046125173567,-0.004982738582324236,-0.0011582849233411252
1761508311639518000,2.62251806640625,0.01567746160328388,-0.0050939073392190035,0.0022549667194020004
1761508311649490200,2.632490234375,0.01447451555430889,-0.00279324744772166,0.004766520282067358
1761508311659461000,2.642461181640625,0.020305705925822256,0.00844036822291091,0.0002332425002939999
1761508311669433000,2.65243310546875,0.02599544200003147,0.004758647502865642,0.0027847992797847836
1761508311679404000,2.662404052734375,0.018816928672790525,0.00013243074063211678,0.007813386297831312
1761508311689375000,2.672375,0.00879471635222435,0.0006248173674568533,-0.0012660835462156683
1761508311699347000,2.682346923828125,0.01657645626962185,-0.005016458188835531,0.002608428932726383
1761508311709318000,2.69231787109375,0.013729250144958495,-0.007023359298147261,0.0019889635938219723
1761508311719290000,2.7022900390625,0.01926642600595951,-0.000260367969237268,0.004174216944724321
1761508311729260800,2.7122607421875,0.012829670956730842,-0.006614467970002442,0.003447820632625371
1761508311739232000,2.72223193359375,0.020759879434108734,0.0037297611128538845,0.0016615582703612744
1761508311749204000,2.732203857421875,0.014624737679958342,0.006291684022732079,-0.0016611472784075884
1761508311759175200,2.742175048828125,0.008790624698996543,-0.0023909319908358155,0.004960188823798671
1761508311769147000,2.75214697265625,0.017172668597102165,0.001594173856265843,-0.0005040770646184683
1761508311779118000,2.7621181640625,0.00864215613901615,0.0023364801235496997,-0.0037103166268672794
1761508311789089000,2.772089111328125,0.01626782871186733,0.003994439931027591,-0.0038433044899255035
1761508311799061000,2.78206103515625,0.025542437535524366,-0.00033045579707249997,-0.005656144331861287
1761508311809032000,2.792031982421875,0.02105681655406952,0.0009289514131844044,-0.0003915840003173798
1761508311819004200,2.802004150390625,0.01791734948456287,0.00451431735297665,0.0012629874068312346
1761508311828974800,2.811974853515625,0.010284662649035454,0.0013709047607146202,-0.0017624156957957893
1761508311838946000,2.821946044921875,0.0168704707801342,-0.0037916656342335043,-0.0016506624170113354
1761508311848918000,2.83191796875,0.015970891591906546,0.0022510120634920893,0.0036297074050176885
1761508311858889200,2.84188916015625,0.01926642600595951,0.0009587254969403148,-0.0014276764492504297
1761508311868860000,2.85185986328125,0.016872808867692945,0.004402582340501248,0.00021021781773306427
1761508311878832000,2.86183203125,0.011483517044782638,0.00787213988089934,0.0004807144553400576
1761508311888803000,2.871802978515625,0.017169161465764044,-0.0012449220271781086,0.00676257120380178
1761508311898775000,2.881775146484375,0.02345744795501232,-0.0037136136956512924,-0.001882060020091012
1761508311908746000,2.89174609375,0.02076514013111591,-0.008167506098281591,-0.0012595624738838524
1761508311918717000,2.901717041015625,0.008196750459074973,0.0002208762090653181,0.002372729613864794
1761508311928689000,2.91168896484375,0.015827683728933332,-0.0015398133205249906,0.0047620541695039716
1761508311938659800,2.921659912109375,0.014781974068284034,0.0012975655298680065,-0.0000027308132033795117
1761508311948632000,2.931632080078125,0.020168927803635595,0.007461787248030305,-0.0048169261618982995
1761508311958603000,2.94160302734375,0.017624504017829893,-0.0023644275764003395,0.0011989822599105537
1761508311968574000,2.951573974609375,0.008497194710373877,0.0077939235455356535,0.006278696676995605
1761508311978546000,2.9615458984375,0.014480360773205756,0.0025870573511347175,-0.0014059669409412889
1761508311988517000,2.97151708984375,0.012534487402439117,-0.005146587374527007,0.004129172226600349
1761508311998488800,2.98148876953125,0.019568623822927473,-0.000908858473226428,0.008678679623967036
1761508312008460000,2.9914599609375,0.025854572224617,-0.00019625322446227073,0.0054783218132331965
1761508312018431000,3.001430908203125,0.02435936523079872,0.003893993497546762,-0.008785948523879051
1761508312028403000,3.01140283203125,0.015980243942141533,0.01251689694682136,-0.0019001527992077172
1761508312038374000,3.021373779296875,0.02211421665251255,0.0019943704213015736,-0.0038889885288663204
1761508312048346000,3.03134619140625,0.01642564962208271,0.004156242896616458,-0.0005389474486000835
1761508312058317000,3.041317138671875,0.028397826966643332,0.004622691364586353,0.00042311164974235
1761508312068288000,3.0512880859375,0.024356442621350286,-0.00245522939870134,-0.0008607084825634956
1761508312078260000,3.061260009765625,0.022559622332453726,-0.01033142440021038,0.0057081850463524455
1761508312088231200,3.071231201171875,0.014779635980725287,0.0027611352764070033,0.005228411305928602
1761508312098203000,3.081202880859375,0.021066168904304503,0.005366458936594426,0.0035895306582562625
1761508312108174000,3.091174072265625,0.012686463093757629,0.006539758765976875,-0.0002592902570031583
1761508312118145000,3.10114501953125,0.0264560452491045,0.00811199478507042,-0.006170678858412429
1761508312128117000,3.111116943359375,0.012693477356433868,-0.003969342022389174,-0.009151046376070008
1761508312138088000,3.121087890625,0.01658639314174652,-0.00009487520921975373,-0.0015118932671379297
1761508312148060200,3.13106005859375,0.01418868435025215,-0.0005495053752325474,0.0019536365521140397
1761508312158030600,3.141030517578125,0.01748012711107731,0.00012631152709946037,-0.008117127617914228
1761508312168001500,3.15100146484375,0.018382044386863708,0.0016957345345988868,0.0005356595129705965
1761508312177973500,3.160973388671875,0.018680735072493553,0.0005425641777925193,0.0016998444541357458
1761508312187944400,3.1709443359375,0.023617606952786443,0.00029805136481299993,-0.0017362400749232618
1761508312197915600,3.18091552734375,0.023317747223377226,-0.0008353365792892873,0.0018601495823822914
1761508312207887400,3.190887451171875,0.011043956583738326,-0.004064472959935665,0.00231474321577698
1761508312217858600,3.200858642578125,0.026006547915935516,-0.0010182736644521356,0.004857276438595727
1761508312227830500,3.21083056640625,0.020317980885505675,0.0018001630234532058,-0.003703786421380937
1761508312237801500,3.220801513671875,0.018223638954758644,-0.0035416546622291205,0.00008716682679951191
1761508312247772400,3.2307724609375,0.01897182697355747,-0.0012853636354207992,0.007394393700780347
1761508312257744600,3.24074462890625,0.015981412985920904,0.0003358991571702063,-0.003169515147898346
1761508312267715300,3.25071533203125,0.019271686702966688,-0.0047122510778717696,0.00016311813984066248
1761508312277687600,3.2606875,0.015832359904050824,-0.0018152144621126354,0.0035957229370251298
1761508312287658500,3.270658447265625,0.02466039400398731,-0.0010381108760833739,0.007490474486397579
1761508312297629700,3.280629638671875,0.018230068695545196,-0.00009116714848205447,-0.0019490060427691787
1761508312307601400,3.290601318359375,0.019731705430150032,0.002069773745071143,-0.0006007697715889662
1761508312317572600,3.300572509765625,0.01568915204107761,-0.004167239214666187,0.0088927790323738
1761508312327544600,3.310544677734375,0.022571897292137145,-0.004920194740127772,0.004738536296598613
1761508312337515500,3.320515625,0.00940203459560871,-0.0016269253483973442,0.0023981197834480553
1761508312347486500,3.330486572265625,0.01972644473314285,0.003916132264118641,0.0020087368733715267
1761508312357458700,3.340458740234375,0.015529577565193175,-0.0011459551647305488,0.005802393535291776
1761508312367429400,3.350429443359375,0.021365444111824033,0.00004113572798669338,0.00044445583187043664
1761508312377401600,3.360401611328125,0.01822246991097927,-0.0009732289463281631,0.003873854891816154
1761508312387372500,3.37037255859375,0.019869652596116064,0.0070584488778375086,0.006872369987517595
1761508312397343700,3.38034375,0.01987082163989544,0.0037626587354578074,0.007855974197387695
1761508312407315500,3.3903154296875,0.009247136294841765,0.0014073095146566628,0.006397254155902192
1761508312417286700,3.40028662109375,0.018676058897376058,0.0067442135632038115,0.0015462339281570165
1761508312427257600,3.410257568359375,0.025855741268396376,-0.0009528985443525015,-0.0004701108629349619
1761508312437229600,3.4202294921875,0.02001753663420677,0.00080207363050431,0.004177221752563492
1761508312447200500,3.430200439453125,0.016127543458342553,0.0032837161120958624,0.003344131929287687
1761508312457172700,3.4401728515625,0.02480944708585739,0.006830850667040794,-0.009021328182332217
1761508312467143400,3.450143310546875,0.023613515299558636,-0.0026493089323863387,-0.0015113361447118222
1761508312477114400,3.4601142578125,0.01598258202970028,0.003214578132331371,-0.0007116645338479429
1761508312487086600,3.470086669921875,0.012243980023264885,0.0004731522033922374,-0.009479209751356393
1761508312497057500,3.4800576171875,0.015986089161038396,0.002871043657977134,-0.0037293775203637775
1761508312507029500,3.490029541015625,0.02152151145637035,0.005795991193968802,-0.0007925020845606923
1761508312517000400,3.50000048828125,0.01703472143113613,-0.0035588615253567693,0.007986569173960015
1761508312526971600,3.5099716796875,0.023619945040345192,0.0015867029358632861,0.004923519208375364
1761508312536943400,3.519943359375,0.0195762226074934,-0.0017204123181290925,-0.00610351364002563
1761508312546914600,3.52991455078125,0.02181961762011051,-0.0008962912525981665,-0.004792376242531463
1761508312556886500,3.539886474609375,0.020470541098713872,0.0018174612181261181,0.00217162668434903
1761508312566857500,3.549857421875,0.0146352590739727,-0.0055712973263114685,-0.0012519545561634003
1761508312576828400,3.559828369140625,0.024364041405916213,-0.0011754552538506685,0.003677592534199357
1761508312586800600,3.569800537109375,0.017781740406155586,0.00115649482505396,-0.0035637568961828943
1761508312596771600,3.579771484375,0.010450666865706443,0.008005173409730195,0.0028428222104907035
1761508312606743600,3.58974365234375,0.015389876833558082,0.003831230459641665,0.0004942771898116916
1761508312616714500,3.599714599609375,0.021971008789539337,-0.004920012077037245,0.004471893850201741
1761508312626685700,3.609685791015625,0.022270283997058868,0.005268167927581817,0.010139856484020129
1761508312636657400,3.619657470703125,0.01179272912442684,-0.001534077699482441,0.01173428606861271
1761508312646628600,3.629628662109375,0.017474281892180442,0.0077044551637955,-0.0002747618207708001
1761508312656600600,3.6396005859375,0.011039864930510521,0.005400489070359617,-0.006843600550759583
1761508312666571500,3.649571533203125,0.02016483615040779,-0.0013381898012012243,-0.008823001731792464
1761508312676542500,3.65954248046875,0.019116788402199745,0.002786982103716582,-0.003492828818131238
1761508312686514700,3.6695146484375,0.017174422162771225,0.001996635443624109,0.0034578762357588854
1761508312696485600,3.679485595703125,0.01881985128223896,0.0007950959004461765,0.0019834289021790027
1761508312706456300,3.689456298828125,0.021513912671804428,0.01011370826261118,-0.006926328664459288
1761508312716428500,3.699428466796875,0.01957096191048622,0.008250088081508875,0.0001890836981590837
1761508312726399500,3.7093994140625,0.010294599521160125,-0.006845134920720011,0.00022399974791333078
1761508312736371500,3.719371337890625,0.015828852772712707,-0.00004488032134249806,0.005246275756182149
1761508312746342400,3.72934228515625,0.014331307691335678,-0.004370451902877539,-0.00652827839073725
1761508312756313600,3.739313720703125,0.01687865408658981,0.005200929643958806,-0.0016196005584672092
1761508312766285300,3.749285400390625,0.011042203018069267,0.0011294972202740609,0.004767077404493465
1761508312776256500,3.759256591796875,0.011938275074958801,0.0016194361616857348,0.0015424984679557382
1761508312786228500,3.769228515625,0.012387772408127783,0.005047401316370815,0.002555054777674377
1761508312796199700,3.77919970703125,0.018077508482336996,-0.004698660943936556,0.0006065145257860421
1761508312806170400,3.78917041015625,0.027208324921131132,-0.0010994308755733072,0.002590573615627363
1761508312816142600,3.799142578125,0.02361643790900707,0.004244176908396184,-0.0013429573078639805
1761508312826113500,3.809113525390625,0.020767478218674657,-0.0021171565507538616,0.0010252148618921637
1761508312836085500,3.81908544921875,0.023909867897629736,-0.003513816807232797,-0.0021742296333890406
1761508312846056400,3.829056396484375,0.0249614227771759,-0.00438354884646833,0.0008635762930847704
1761508312856027600,3.839027587890625,0.02151975789070129,0.005244567856285721,0.0001730367456562817
1761508312865999400,3.848999267578125,0.027656653210520743,0.004525934725534171,-0.0011946805441286415
1761508312875970600,3.858970458984375,0.015535422784090041,0.001149352698214352,0.008193773050699382
1761508312885941500,3.86894140625,0.016138649374246597,0.0016814685472287237,-0.0034126945203170177
1761508312895913700,3.878913818359375,0.013892331752181053,-0.0012693440823815763,-0.0035058709627948698
1761508312905884400,3.888884521484375,0.023320085310935972,0.0006502258033491671,0.0014287267620209604
1761508312915856600,3.898856689453125,0.012994506129622458,0.002286558300908655,0.00013708864944055675
1761508312925827600,3.90882763671875,0.018675474375486372,0.0038313400574959814,0.0014084968247450888
1761508312935798500,3.918798583984375,0.015832944425940514,0.002835716616269201,0.0018318459365051238
1761508312945770500,3.9287705078125,0.027802199161052702,0.0012650880323722957,0.004676156851183623
1761508312955741400,3.938741455078125,0.013733341798186301,0.0011600019563920796,0.004526528380578383
1761508312965713400,3.94871337890625,0.013735095363855362,0.004770210076496004,-0.0048454490034841
1761508312975684400,3.958684326171875,0.018674305331707,0.0027918044093064964,-0.002053790724650025
1761508312985655600,3.968655517578125,0.02032031897306442,-0.00023848493099212645,-0.000955885085882619
1761508312995627500,3.97862744140625,0.018522914162278175,-0.001961509331315756,0.0019256251671817153
1761508313005598500,3.988598388671875,0.019868483552336693,0.00135024556517601,-0.004163549420237541
1761508313015570400,3.9985703125,0.014933949759602546,0.0020569325298070906,0.004192903378885239
1761508313025541600,4.008541748046875,0.01613105058968067,-0.000031637247279286385,-0.00017980441316030918
1761508313035512300,4.01851220703125,0.008199673068523407,-0.0004300071814097464,-0.007684060829738154
1761508313045483500,4.0284833984375,0.010590952119231223,0.002358600623812526,-0.004923939333483576
1761508313055455500,4.03845556640625,0.010742343288660049,0.004193487900774926,0.00422743583614938
1761508313065426700,4.0484267578125,0.021367197677493094,0.0007973426564596592,-0.0008833404394797981
1761508313075397400,4.0583974609375,0.006250877088308334,0.0004852627662941813,0.00007670936486683786
1761508313085369600,4.06836962890625,0.01118541088104248,0.004680924357846379,0.004158270456921309
1761508313095340500,4.078340576171875,0.02091302416920662,0.006791888629831373,0.006153188867494464
1761508313105312500,4.0883125,0.02211246308684349,-0.002132080125249922,0.005801343222521245
1761508313115283500,4.098283447265625,0.009242460119724273,0.00016596768405288456,0.004623230220703408
1761508313125254700,4.108254638671875,0.02211246308684349,0.0013499167716130613,-0.005630671963887289
1761508313135226400,4.118226318359375,0.013583119672536849,-0.0009376461762934923,-0.0006339048562105745
1761508313145197600,4.128197509765625,0.011935936987400054,0.0015462247950024902,-0.0026145846788771447
1761508313155169500,4.13816943359375,0.020314473754167554,0.0025130240005441008,0.004117719250824302
1761508313165141000,4.14814111328125,0.021662965753674508,-0.0004349208185449242,0.005173247052589431
1761508313175112000,4.15811181640625,0.014779635980725287,-0.001516870836354792,0.009587008374230935
1761508313185084000,4.168083984375,0.016276012018322943,0.006014456250239163,0.0020222539420705287
1761508313195055000,4.17805517578125,0.013284428986907005,-0.0035130861548706887,-0.00008713942733593284
1761508313205026800,4.18802685546875,0.023161095356941223,0.005267820867709815,-0.000644115722971037
1761508313214998000,4.197998046875,0.0059556935340166085,0.005122585444431752,-0.004980245231138542
1761508313224969000,4.207968994140625,0.012686463093757629,0.0006463716121390461,-0.0050996246939525
1761508313234941000,4.21794091796875,0.021362521502375602,0.0037598091912455856,0.007494009017199278
1761508313244911900,4.227911865234375,0.015377017351984977,0.003449628997221589,0.005132001726748422
1761508313254884000,4.237884033203125,0.01298223116993904,-0.0026189320604316888,-0.008334725024504587
1761508313264854800,4.247854736328125,0.0158247611194849,0.0021283355318941176,0.006737436762545257
1761508313274826000,4.257825927734375,0.016421557968854902,0.006824585323035716,0.001668536000419408
1761508313284798000,4.2677978515625,0.018664952981472013,-0.0011716923941858112,-0.0006074095749296248
1761508313294769200,4.27776904296875,0.020610826352238654,0.00009513093754649162,-0.0011330774168483912
1761508313304740900,4.287740966796875,0.01926116530895233,0.008371833031345158,0.002593523624539375
1761508313314712000,4.297712158203125,0.014617723417282104,0.001112600884400308,-0.008646238659089431
1761508313324683000,4.30768310546875,0.0215063138872385,-0.002672178351320326,-0.002577294008946046
1761508313334655000,4.317655029296875,0.019862638333439826,-0.0004992364927195012,-0.0009888923063408582
1761508313344626000,4.3276259765625,0.01687222434580326,-0.0011745236720889806,-0.004334366809343919
1761508313354596900,4.337596923828125,0.012684125006198883,-0.0013498619726859033,0.004108522164216265
1761508313364568800,4.34756884765625,0.015825345641374586,0.002163443377893418,0.006934648968232795
1761508313374539800,4.357539794921875,0.008343465453386305,0.002148355406615883,-0.003806022953148931
1761508313384512000,4.367511962890625,0.010887889239192008,0.0002699212488718331,-0.0040359592515043915
1761508313394484000,4.37748388671875,0.014774959805607795,-0.0007644450338557362,0.004118623433122411
1761508313404456000,4.3874560546875,0.029588498055934904,0.0007280220136046409,0.01014874304337427
1761508313414427100,4.39742724609375,0.01777414162158966,-0.0005851612105034291,0.0021026622345205396
1761508313424397800,4.407397705078125,0.018072247785329818,0.0032924656741321087,0.0025877149382606147
1761508313434370000,4.4173701171875,0.019715923339128492,-0.003919511531293392,-0.004758994562737644
1761508313444341000,4.427341064453125,0.011631401082873343,0.0031617337002418935,-0.0030866317705716935
1761508313454313000,4.43731298828125,0.01926116530895233,0.0035497831697575747,0.0046643659486901015
1761508313464284000,4.447283935546875,0.016716741523146627,0.0037794637397862967,0.006679459497611969
1761508313474254800,4.4572548828125,0.022700492107868193,0.00251963640442118,0.0007179755436256528
1761508313484226800,4.467226806640625,0.024794834038615224,-0.002186038802191615,-0.0011631528947036714
1761508313494197800,4.47719775390625,0.02165069079399109,-0.0019875570880249142,0.0033835962899960575
1761508313504170000,4.487169921875,0.0235977332085371,0.001534132498409599,0.0025861623019911347
1761508313514141000,4.497140869140625,0.00938157632946968,0.0013468480316922067,0.007317373808659613
1761508313524112000,4.50711181640625,0.016412790140509604,0.002703231076709926,0.014005920795025302
1761508313534083800,4.517083740234375,0.020149054059386252,-0.0007873509854078293,0.006937964303325861
1761508313544055000,4.527054931640625,0.018650924456119537,0.0029482918789610264,0.004184555675648152
1761508313554026800,4.53702685546875,0.018648001846671102,0.0078096143050119275,0.0056183513384312385
1761508313563998000,4.546998046875,0.014156535646319388,0.004424556710291653,-0.008066886134864762
1761508313573969000,4.556968994140625,0.011907879936695098,-0.0023204240378923713,0.003058455988857895
1761508313583940900,4.56694091796875,0.0202864167034626,0.0035468057613819836,0.004001929117739201
1761508313593911800,4.576911865234375,0.013554478099942207,0.001530661899689585,0.001004875326761976
1761508313603884000,4.586884033203125,0.013854922351241111,-0.0035184564497321843,0.008791574547067284
1761508313613855000,4.59685498046875,0.020439561438560485,0.004984364283829927,0.00491704380181618
1761508313623826000,4.606825927734375,0.006969254490733146,-0.004338211867399513,0.006006811799900606
1761508313633798000,4.6167978515625,0.013102642679214477,0.0021449213405139744,0.008575666774064301
1761508313643769000,4.62676904296875,0.01714285798072815,0.003428019953612238,-0.002752047787653282
1761508313653740000,4.636739990234375,0.02627425894141197,-0.006718366735894233,0.005695846154587343
1761508313663712000,4.6467119140625,0.02163140157163143,0.0013431582372635603,-0.0010874390436802059
1761508313673683000,4.656682861328125,0.024023849666118622,-0.0014651406491175292,-0.00009995324313640594
1761508313683655000,4.666655029296875,0.020283494094014167,0.004946096366364509,0.004198045344883576
1761508313693625900,4.6766259765625,0.02028290957212448,0.00010919599551707505,-0.0024556038580369204
1761508313703596800,4.6865966796875,0.0183387897670269,0.00499990891283378,-0.0023439510439522563
1761508313713569000,4.696569091796875,0.026271920853853225,0.0033846374696120617,-0.00367109886133112
1761508313723539700,4.706539794921875,0.029564532658457755,0.007976075179409235,-0.003630438057379797
1761508313733512000,4.716511962890625,0.022532734325528145,0.0051087943810969585,-0.003087188892997801
1761508313743483000,4.72648291015625,0.011908464458584785,0.006496467613521963,0.004328220196347684
1761508313753454000,4.7364541015625,0.012657821521162986,-0.0024079379245638844,-0.0005940203703939914
1761508313763425800,4.74642578125,0.029268180060386655,0.0033180933057330546,0.008144517948338762
1761508313773397000,4.75639697265625,0.017598785054683683,-0.0012772533942013978,0.011871712644770742
1761508313783368700,4.76636865234375,0.020443068569898606,0.005464329820498824,0.005659277003863826
1761508313793340000,4.77633984375,0.024935119292140005,0.005355316488072276,-0.0012800390063319354
1761508313803310800,4.786310791015625,0.00967091466486454,0.007868121292907744,-0.007716191267361864
1761508313813283000,4.796282958984375,0.021941782695055007,0.002017495568562299,0.003935713747423142
1761508313823253800,4.806253662109375,0.013113164073228835,-0.004255776014644652,0.006020219270745292
1761508313833226000,4.81622607421875,0.025830606827139852,-0.00376132529489696,-0.006505034512467682
1761508313843197000,4.826197021484375,0.02074526638686657,0.004214841216057539,-0.0008226140950340777
1761508313853168000,4.836168212890625,0.017906243568658827,0.0003247749749571085,0.0019462934958748518
1761508313863139800,4.846139892578125,0.02239770976901054,0.0028738018706440925,-0.002333612313028425
1761508313873111000,4.856111083984375,0.011771686336398125,0.00832950999327004,-0.0011176606520079077
1761508313883082800,4.866082763671875,0.011171966877579688,0.001198653466347605,-0.001432571820076555
1761508313893054000,4.876053955078125,0.023442250385880468,0.006759027539845555,0.001374366226280108
1761508313903025000,4.88602490234375,0.015659925946593285,0.001909907008241862,0.003879243452986702
1761508313912997000,4.8959970703125,0.012069207978248595,0.0006916537922807037,0.0017691285643726587
1761508313922967800,4.9059677734375,0.018801731103658674,0.009252597921248525,0.002849069288186729
1761508313932940000,4.91593994140625,0.020894903990626334,-0.0008136179378256201,-0.0038995464554987844
1761508313942911000,4.925910888671875,0.016253800186514854,-0.000850936007220298,0.00028449776349589225
1761508313952882200,4.935882080078125,0.014305588728189468,0.00003782952604815364,0.0032545996154658492
1761508313962854000,4.94585400390625,0.014309680381417274,-0.0007739983134903013,-0.005456685370160266
1761508313972825000,4.9558251953125,0.0054810617595911024,0.0019763415742665527,0.0007584719507955014
1761508313982796000,4.965796142578125,0.019246552261710168,0.000055767041537910694,-0.0016074443297926335
1761508313992768000,4.97576806640625,0.027179098826646802,-0.002058521698694676,-0.0004994191558100283
1761508314002739000,4.985739013671875,0.023738602983951567,0.004290299338754266,0.006863684357563033
1761508314012711200,4.995711181640625,0.024932196682691574,-0.00044770723488181825,-0.0037394513898063447
1761508314022681900,5.005681884765625,0.016250293055176734,0.0003794277716428041,0.00444920709435828
1761508314032652800,5.01565283203125,0.013554478099942207,0.00022009075777605175,0.002830127125699073
1761508314042625000,5.025625,0.022532149803638456,0.0076147127874195576,-0.003058766516111791
1761508314052596000,5.035595947265625,0.02074000568985939,0.00032229075692594047,0.004936470021493732
1761508314062568000,5.04556787109375,0.01849602615535259,0.0022221147625707087,0.01617655196553096
1761508314072539000,5.055538818359375,0.021188333979248998,0.006479279016703367,-0.00029100970267318185
1761508314082510000,5.065510009765625,0.021042203506827353,0.00623303090436384,-0.002345859873248264
1761508314092481800,5.075481689453125,0.019399112474918365,-0.00026951939007267356,0.0001114153520669788
1761508314102453000,5.085452880859375,0.01476210032403469,0.0041834414307959375,-0.0008130882148630916
1761508314112425000,5.095425048828125,0.03451426402032375,-0.0016735227027907967,0.0038630412368569522
1761508314122396000,5.10539599609375,0.011171966877579688,0.007424176917690783,0.004289057229738682
1761508314132366800,5.115366943359375,0.023442834907770157,-0.003184347390849143,0.003762412140285596
1761508314142339000,5.125339111328125,0.01700783342421055,0.004171842324547469,-0.005259993754280731
1761508314152310000,5.13531005859375,0.011470657563209533,-0.0009115618869662284,0.001494485474610701
1761508314162281500,5.145281494140625,0.01775543692111969,-0.0013403634919784962,-0.0013757453326135873
1761508314172252700,5.155252685546875,0.019701894813776016,0.003918196357041597,-0.005606834430573508
1761508314182223600,5.1652236328125,0.015361819782853125,-0.0013026435637846587,-0.003035760099859908
1761508314192195600,5.175195556640625,0.020148469537496567,-0.003087773414887488,-0.0032315384002868084
1761508314202166500,5.18516650390625,0.022539164066314697,0.004995908591151237,0.00469757409854792
1761508314212138800,5.195138671875,0.014157120168209076,0.004459810686763376,-0.0028682580458465963
1761508314222109400,5.205109375,0.01595510950088501,0.003965122504997998,0.007084359637228772
1761508314232080400,5.215080322265625,0.018348142117261886,0.01093501631654799,0.002974494899297133
1761508314242052600,5.225052490234375,0.024482114827632902,0.005803023722954094,0.0023219766741618512
1761508314252023600,5.2350234375,0.01385842948257923,0.004315926970355212,-0.001908436570363119
1761508314261994500,5.244994384765625,0.009968436306715012,0.0006697342214174568,0.0037490138025954366
1761508314271966500,5.254966552734375,0.017451485538482664,0.002161872475314885,0.0037956842222250996
1761508314281937700,5.264937744140625,0.022836101186275482,-0.0003333601402118802,0.0028492336849682033
1761508314291909400,5.274909423828125,0.007722703206539154,0.008840857048891483,0.005254824388818815
1761508314301880600,5.284880615234375,0.0216413384437561,0.008309033460821956,-0.010664903271431103
1761508314311851500,5.2948515625,0.02014613144993782,-0.0020470687229186295,-0.0051319560609757895
1761508314321823500,5.304823486328125,0.020146715971827506,-0.0012025989891029894,-0.002422943697450682
1761508314331794400,5.31479443359375,0.01191957037448883,0.0003472425350919366,0.000948121904535219
1761508314341766700,5.3247666015625,0.018504209461808203,-0.007750467996299267,0.005127069823304191
1761508314351737600,5.334737548828125,0.008482581663131714,-0.00013730784514918922,-0.00021014475249685346
1761508314361708500,5.34470849609375,0.020600304958224295,0.008643800106830895,-0.0011867894986178726
1761508314371680500,5.354680419921875,0.02074994256198406,0.00045307752974331375,-0.007699715056596323
1761508314381651700,5.364651611328125,0.020298691663146018,0.003196896345168352,0.010064489692868665
1761508314391623400,5.37462353515625,0.013564999493956564,0.005233936864417046,0.003108149482635781
1761508314401594600,5.3845947265625,0.0199988319337368,-0.0010922887487336992,0.0037133944999426603
1761508314411565600,5.394565673828125,0.023892916762828825,0.0016470000220462678,0.004819017654284835
1761508314421537500,5.40453759765625,0.007734978166222572,0.005309431519731879,-0.0004991086285561323
1761508314431508500,5.414508544921875,0.011778700599074363,-0.002677895706053823,0.00891812353618443
1761508314441480700,5.424480712890625,0.02495090138316154,0.004295651367306709,0.0007949589031282812
1761508314451451600,5.43445166015625,0.021807342660427092,0.0056666291932575405,-0.001707982094818726
1761508314461422300,5.44442236328125,0.009984218397736548,-0.0013184987200424074,-0.002251678783772513
1761508314471394600,5.45439453125,0.018812252497673033,-0.0015599793257191777,-0.0032085045845713467
1761508314481365800,5.46436572265625,0.018512392768263816,0.00571097979163751,-0.008051752497814596
1761508314491336700,5.474336669921875,0.022553192591667173,0.0001721416965126991,-0.003183982064668089
1761508314501308700,5.48430859375,0.021355507239699364,0.0043246217334643,-0.00046015572450123723
1761508314511279600,5.494279541015625,0.01821545564830303,0.0013147541266866028,0.0017898334256839007
1761508314521251600,5.50425146484375,0.019716507861018178,0.0009075432989746332,0.0037520460098981853
1761508314531222500,5.514222412109375,0.020917115822434423,-0.003950235463120043,0.0003126826783642173
1761508314541193500,5.524193359375,0.017922025659680367,0.001513272373471409,0.0018485870087519287
1761508314551165700,5.534165771484375,0.019867899030447004,0.0024396665033884343,-0.0014656977715436369
1761508314561136400,5.544136474609375,0.021512743628025053,0.005881733248662203,0.0004366378515958786
1761508314571108600,5.554108642578125,0.013281506377458572,0.005877312801871449,-0.0029366745064035057
1761508314581079600,5.56407958984375,0.0212099612891674,0.001921195587236434,-0.003213874879432842
1761508314591050800,5.57405078125,0.016121698239445686,0.0034748547700233757,0.0031987777750007804
1761508314601022500,5.5840224609375,0.0041489363729953765,0.001598448172584176,-0.0042634661307558415
1761508314610993700,5.59399365234375,0.020156652843952176,0.002620740425027907,-0.0003312503815162927
1761508314620965400,5.60396533203125,0.010730652850866317,-0.0016680793426930903,0.0004214402824640274
1761508314630936600,5.6139365234375,0.015823592075705526,0.00027556553836911916,-0.0010640581680927425
1761508314640907500,5.623907470703125,0.024058920979499816,-0.0024539324907585976,-0.006075228260457515
1761508314650879700,5.633879638671875,0.02331248652637005,-0.00015639613810926675,0.00006501892707310617
1761508314660850400,5.643850341796875,0.012985153779387474,0.0024655315970070657,-0.0027164924170821904
1761508314670822700,5.65382275390625,0.01298573830127716,0.0006644369917921722,-0.0012507398466113954
1761508314680793600,5.663793701171875,0.016424480578303337,0.002777775883954018,-0.000574055294599384
1761508314690764500,5.6737646484375,0.013281506377458572,-0.0068756396568380295,0.003874886938277632
1761508314700736500,5.683736572265625,0.01193476794362068,0.0007891958826221525,-0.00396033673202619
1761508314710707700,5.693707763671875,0.01672492482960224,0.00481216778839007,-0.007203812165278941
1761508314720678700,5.7036787109375,0.01701952386200428,0.002809741924796253,-0.006409300786722451
1761508314730650600,5.713650634765625,0.017764789271354674,0.007630093019641936,0.0004618636243976652
1761508314740621600,5.72362158203125,0.020607319220900533,0.00406140422001481,0.00587971482151188
1761508314750593500,5.733593505859375,0.015668693774938583,0.005762070658057928,-0.009580578633444383
1761508314760564500,5.743564453125,0.012973463341593742,0.004452157103270292,-0.002330324377398938
1761508314770535400,5.753535400390625,0.010727730241417884,0.0032814145571552216,-0.008271112603228539
1761508314780507600,5.763507568359375,0.02225041025280952,0.0038215310495346784,-0.007044940942293032
1761508314790478600,5.773478515625,0.023593641555309294,-0.0014958645809441803,0.002392164966696873
1761508314800450600,5.783450439453125,0.017013094121217726,-0.0010409786866046487,0.0019084639698266981
1761508314810421500,5.79342138671875,0.02329670443534851,0.00558001035572961,0.0011809625460300593
1761508314820392700,5.803392822265625,0.02120353154838085,0.0009090959352441131,0.008449994567781687
1761508314830364400,5.813364501953125,0.02255026998221874,-0.002263871545065194,0.002946081655565649
1761508314840335600,5.823335693359375,0.006838906109333038,-0.0009021547378040849,-0.0065633862367365505
1761508314850307600,5.8333076171875,0.008934417083859444,-0.00007087327912449836,0.0001031589803751558
1761508314860278500,5.843278564453125,0.007734393644332886,0.0020685681686736642,0.004130934925423935
1761508314870249500,5.85324951171875,0.015963292807340622,0.00517172181578353,-0.003892358662886545
1761508314880221700,5.8632216796875,0.020903087297081947,0.002666716724913567,0.00304269216414541
1761508314890192400,5.8731923828125,0.019409049347043038,-0.00203356992052868,0.01374844803577289
1761508314900163600,5.88316357421875,0.017467267629504204,-0.0029193580454215406,0.003369969623442739
1761508314910135600,5.893135498046875,0.018366262295842168,-0.0005738543651998043,-0.0011379362550564109
1761508314920106800,5.903106689453125,0.014926935496926306,-0.00518191441623494,0.003229227712191641
1761508314930078500,5.913078369140625,0.005797872623801231,0.006688610918447375,-0.0008067498056218027
1761508314940049700,5.923049560546875,0.016715572479367256,0.003219290840066969,0.0027995219248812646
1761508314950020600,5.9330205078125,0.019112112227082253,-0.0008941906270571052,-0.0002635463070124388
1761508314959992600,5.94299267578125,0.011484101566672324,0.006163545864727347,0.005347946032369509
1761508314969963500,5.952963623046875,0.009839256969094276,0.00736130428193137,-0.011637565962178633
1761508314979935700,5.962935791015625,0.01492635097503662,0.002167772493138909,-0.005531385441031307
1761508314989906400,5.972906494140625,0.02136076793670654,-0.0004414236245676875,-0.0014573226688429713
1761508314999877400,5.98287744140625,0.017020692905783653,0.009925528746750205,0.006008136107306927
1761508315009849600,5.992849609375,0.01402794083058834,0.008011639683134853,0.004757871184730902
1761508315019820500,6.002820556640625,0.006696282768249511,0.004511741803400218,-0.0017808738010935484
1761508315029792500,6.01279248046875,0.006993219888210296,-0.004986939833406359,0.003518675645440817
1761508315039763500,6.022763427734375,0.018064064478874205,0.006765219818614423,-0.0012428122684825212
1761508315049734700,6.032734619140625,0.03018295681774616,0.0014314941078424452,-0.0006025416035670786
1761508315059706400,6.042706298828125,0.008185060021281242,0.009558741260971873,0.002709825214277953
1761508315069677600,6.052677490234375,0.015067805272340773,0.0015473938387818634,-0.006616988720651715
1761508315079649500,6.0626494140625,0.006543138033151626,-0.0038874358925968405,-0.0035273704085499046
1761508315089620500,6.072620361328125,0.02629705529510975,-0.0020665040757507085,-0.005763321900228038
1761508315099591400,6.08259130859375,0.01402443369925022,-0.000014412117842584847,0.00216085869516246
1761508315109563600,6.092563720703125,0.015818915900588034,-0.0036599655459634956,0.004345920249819756
1761508315119534600,6.10253466796875,0.019114450314641,0.006091978465858847,0.001915962289692834
1761508315129506600,6.112506591796875,0.02958966709971428,0.006160732853133231,0.001775247777905315
1761508315139477500,6.1224775390625,0.0189618901014328,0.002867700923420489,0.0011665595613420008
1761508315149448700,6.13244873046875,0.013576689931750296,-0.0033247970411553977,0.0011556545748375355
1761508315159421200,6.142421142578125,0.016419804403185842,0.003852711639087647,-0.005435295522259548
1761508315169392000,6.15239208984375,0.014925181931257248,-0.0015547551613301037,-0.008526904862048103
1761508315179363300,6.16236328125,0.02495323947072029,0.0005368650893680751,-0.010538034621905536
1761508315189335000,6.1723349609375,0.027197219005227088,0.0018840053820051252,-0.005710687530692667
1761508315199306200,6.18230615234375,0.019272271224856377,0.009027136868610978,-0.003760055786417797
1761508315209278200,6.1922783203125,0.02585515674650669,0.0026454730074852704,-0.004360779892234132
1761508315219249200,6.202249267578125,0.026307576689124104,0.006993877475336194,0.0019119071690831331
1761508315229220000,6.21222021484375,0.014484452426433562,0.003221154003590345,-0.001167180615849793
1761508315239192300,6.2221923828125,0.01912438718676567,-0.0062138330135494465,-0.0015294563232921062
1761508315249163300,6.232163330078125,0.013137713992595671,-0.002282393582444638,-0.0007423336667474359
1761508315259135200,6.24213525390625,0.018224807998538015,-0.0000969941010698676,0.0031120128070004282
1761508315269106200,6.252106201171875,0.017773557099699973,0.004612443965207785,0.000021499445755034682
1761508315279077000,6.2620771484375,0.017922025659680367,0.0013479257439263164,0.002156922305561602
1761508315289049000,6.272049072265625,0.020468787533044815,0.0006471387971192598,-0.003270938828913495
1761508315299020000,6.28202001953125,0.009550503155589102,0.003955861486308276,0.003305051161069423
1761508315308992300,6.2919921875,0.01224456454515457,-0.0006219312906265258,0.008334377964632584
1761508315318963000,6.301962890625,0.01284369948208332,0.0009695026192814111,-0.0009260288037359714
1761508315328934100,6.31193408203125,0.022272622084617614,-0.006425448203925043,-0.00245813374184072
1761508315338906000,6.321906005859375,0.022722119417786596,-0.00015601254561915993,-0.006338701502233744
1761508315348877300,6.331877197265625,0.019879589468240737,0.004863989307172596,0.002821167501108721
1761508315358849000,6.34184912109375,0.028857845693826673,0.003415306602511555,-0.00289957563271746
1761508315368820200,6.3518203125,0.014791910940408706,-0.0009809190624393523,-0.0007507727015297859
1761508315378791200,6.361791259765625,0.009259411254525184,-0.0012519910887815058,-0.0073020209759008135
1761508315388763100,6.37176318359375,0.025422610548138616,-0.0007252455346286297,-0.004204073226870969
1761508315398734000,6.381734130859375,0.01809212152957916,0.00010400836374610662,0.0029472324330359696
1761508315408706300,6.391706298828125,0.025426702201366422,-0.004077935229707509,-0.004485273921582848
1761508315418677000,6.401677001953125,0.022287819653749465,-0.006270221109595149,0.006350318874791264
1761508315428648200,6.411648193359375,0.01645136858522892,0.00821691646426916,-0.006431649615848437
1761508315438620200,6.4216201171875,0.009568623334169387,0.0008034984026104212,0.000521594455000013
1761508315448591400,6.43159130859375,0.01869651716351509,0.004096420734468848,0.0023280136893037706
1761508315458562000,6.44156201171875,0.020045593684911725,0.00312302739135921,-0.0016326701025944203
1761508315468534300,6.4515341796875,0.019297990188002587,0.0034308512315154075,-0.00796759961200878
1761508315478505200,6.461505126953125,0.015856325301527977,-0.0016634031675755976,-0.008099491496523841
1761508315488477200,6.471477294921875,0.015106383717060088,0.0025363683435134588,-0.0026174798888619986
1761508315498448100,6.4814482421875,0.024983634608983993,0.0025921353850513694,-0.006598749811062589
1761508315508419000,6.491419189453125,0.022741408640146253,-0.00005041501298546791,-0.0004703026591800153
1761508315518391000,6.50139111328125,0.013016133439540863,0.004226641251705587,-0.0055383449047803875
1761508315528362000,6.511362060546875,0.012715689188241957,0.007938117789197712,-0.005348009964451193
1761508315538334200,6.521334228515625,0.01944938135743141,-0.0029974465166218577,-0.00262366303447634
1761508315548305200,6.53130517578125,0.022445640563964843,0.0026685433558188377,0.000636480405787006
1761508315558276000,6.541276123046875,0.026185996136069298,0.003850738877709955,-0.007366711109410971
1761508315568248000,6.551248046875,0.021247370690107344,0.007754943242017179,0.0022484821796882894
1761508315578219300,6.56121923828125,0.010469371566176415,0.00486853761812672,-0.0030040132547263054
1761508315588191000,6.57119091796875,0.02228898869752884,-0.004512381124217063,0.0007813322365749627
1761508315598162200,6.581162109375,0.024687282010912893,-0.009416848572250456,-0.002020399911701679
1761508315608133000,6.591133056640625,0.020799042400717734,-0.002592920836340636,-0.0005569123635534197
1761508315618105000,6.60110498046875,0.02663373990356922,0.004642492043599486,0.00394703885903582
1761508315628076000,6.611075927734375,0.01960311061441898,-0.0029020963833667336,-0.0003251220348291099
1761508315638048300,6.62104833984375,0.019752748218178746,-0.0010395539144985378,0.0022970705617684868
1761508315648019200,6.631019287109375,0.018556816431879997,0.004670932686794549,-0.0005404178864788264
1761508315657990100,6.640990234375,0.014514263042807578,-0.0003759023739956319,0.0018147121386136859
1761508315667962000,6.650962158203125,0.025884967362880706,-0.0033652203830890357,-0.0055497522147838025
1761508315677933300,6.660933349609375,0.021693945413827895,0.0013397241711616515,0.0011624679081141949
1761508315687904000,6.670904052734375,0.020649989318847654,0.004715100622083992,-0.0003117054308298975
1761508315697876200,6.680876220703125,0.02259703173339367,0.0005748042132705449,-0.00450209719222039
1761508315707847200,6.69084716796875,0.022746669337153434,0.004436575941648334,-0.004010331619903445
1761508315717819100,6.700819091796875,0.025289339557290076,0.0061375711732544,0.002427802535658702
1761508315727790000,6.7107900390625,0.016313421419262886,-0.002829250342864543,-0.004701346091367304
1761508315737761300,6.72076123046875,0.030680384945869443,-0.000029609686974436044,-0.006406670438218861
1761508315747733000,6.73073291015625,0.016163199293613432,-0.0017754487073048948,-0.004961750593222678
1761508315757704200,6.7407041015625,0.0053881227791309355,0.002828629288356751,0.0005302070197183639
1761508315767676200,6.75067626953125,0.018704115948081017,0.001697396768722683,0.004633605484245345
1761508315777647400,6.7606474609375,0.016160276684165,-0.0005275127391330897,-0.003934754766197875
1761508315787618000,6.7706181640625,0.026186580657958983,-0.0022930428406223655,0.0072451122900471085
1761508315797590300,6.78059033203125,0.010627192476391791,0.0037244638832286,-0.0032233642269857226
1761508315807561200,6.790561279296875,0.015415011274814604,-0.00400185605250299,-0.00401688009169884
1761508315817533200,6.800533203125,0.016015315255522727,0.0043619398028589785,-0.0053112307511735705
1761508315827504000,6.810504150390625,0.02529576929807663,0.0050709283224307,-0.008612802180368452
1761508315837475000,6.82047509765625,0.013923311412334442,-0.00453227313477546,-0.0018455091356765479
1761508315847447000,6.830447021484375,0.017812720066308973,0.003751717216335237,-0.001975729652913287
1761508315857418000,6.84041796875,0.02095335617959499,0.004807254151254892,-0.003226560831069946
1761508315867389200,6.85038916015625,0.017810966500639916,0.0011467588823288678,0.0001641593194566667
1761508315877361200,6.860361083984375,0.017061024916172028,0.002529956869035959,-0.0004963595490437001
1761508315887332000,6.87033203125,0.011971008300781249,-0.006103175713308155,-0.00251430264217779
1761508315897304000,6.880303955078125,0.019904139387607572,0.0020232494559139012,-0.0038487661163322624
1761508315907275300,6.890275146484375,0.010630699607729912,0.005931709870230406,0.0015732589324004948
1761508315917246200,6.90024609375,0.012127660167217254,-0.0037839572518132626,0.0001525693463627249
1761508315927218200,6.91021826171875,0.014969021072983741,-0.004077990028634667,0.0014944946077652275
1761508315937189000,6.920189208984375,0.024696634361147878,-0.0004295505236834287,-0.000540564016951248
1761508315947161000,6.9301611328125,0.01826338644325733,-0.0005739639630541205,-0.0001397737968713045
1761508315957132000,6.940132080078125,0.0158726919144392,0.0006800364197231828,0.00492585729593411
1761508315967103200,6.950103271484375,0.0235018716186285,-0.001243844314943999,-0.0005380980652291327
1761508315977075200,6.9600751953125,0.017814473631978033,0.0005040770646184683,0.0012475067099090664
1761508315987046100,6.970046142578125,0.016465981632471084,-0.0037824776807799934,0.003402666316647082
1761508315997018000,6.98001806640625,0.01691664800941944,0.002473331310972571,-0.002536295278277248
1761508316006989300,6.9899892578125,0.01826397096514702,-0.0041438583390787246,-0.003579091462632641
1761508316016960300,6.999960205078125,0.020211597901582716,0.0008580416014418006,-0.0029946700376458466
1761508316026932200,7.00993212890625,0.013628127858042717,0.0016964286543428896,0.0012175682293716818
1761508316036903200,7.019903076171875,0.009142506876587866,0.0061632718700915575,-0.005810732105374336
1761508316046875100,7.029875244140625,0.016027590215206146,-0.0007607369731180369,-0.0015398863857612013
1761508316056846000,7.03984619140625,0.017073884397745133,-0.004709547664131969,-0.0006650763126090168
1761508316066817000,7.049817138671875,0.021563597032427786,0.0015049429365433752,-0.00480467860167846
1761508316076789200,7.059789306640625,0.02425648937821388,-0.0038476701377891,-0.001076342260930687
1761508316086760000,7.069760009765625,0.017670681247115134,-0.0032830219923518597,0.0008396382950711994
1761508316096732200,7.079732177734375,0.020064298385381697,-0.007323529554810374,-0.004508773528179154
1761508316106703000,7.089703125,0.014226678273081779,0.004721128504071384,0.00418230891963467
1761508316116674300,7.09967431640625,0.0172147541731596,-0.0007033259637653827,0.0010396817786619066
1761508316126646000,7.10964599609375,0.02200257297158241,-0.003107756756991148,0.002754678136156872
1761508316136617200,7.1196171875,0.01870879212319851,0.001580200129840523,0.004013866150705143
1761508316146588200,7.129588134765625,0.017364391776919366,-0.00030725758457556364,-0.0006836166162975132
1761508316156560100,7.13956005859375,0.016166121903061867,-0.0003859305776655674,-0.003220934807881713
1761508316166530800,7.14953076171875,0.019458733707666397,-0.002489369130320847,0.004386179194971918
1761508316176503000,7.1595029296875,0.019610709398984908,0.0018252426657825707,-0.0016056450983509421
1761508316186473700,7.1694736328125,0.02006196029782295,0.00013579174149781463,-0.002891885516606271
1761508316196445000,7.17944482421875,0.0284428351521492,0.0019699118334800003,0.004679837512457743
1761508316206417000,7.1894169921875,0.025749942806363103,0.0015153364663943647,0.00462024367917329
1761508316216388000,7.19938818359375,0.013030746486783026,0.000475782551895827,-0.0058494384142570195
1761508316226359800,7.20935986328125,0.025302783560752867,-0.0015033720339648424,-0.00009642784548923372
1761508316236331000,7.2193310546875,0.018716390907764432,-0.0013875271019525826,-0.0011526771664619444
1761508316246302000,7.229302001953125,0.016773440146446227,0.002711231720075011,-0.005646298791281879
1761508316256274000,7.23927392578125,0.010784428864717482,0.0013191563071683048,0.0005704476985614747
1761508316266244900,7.249244873046875,0.013029577443003653,-0.0007684453555382788,-0.0006752963125240057
1761508316276217000,7.259217041015625,0.02005903768837452,0.00368099006768316,0.0003077416417654604
1761508316286187800,7.269187744140625,0.010181202274560928,0.0017613836493343114,-0.004120276534091681
1761508316296159000,7.279158935546875,0.023949615386128425,0.0027966997801326214,-0.0061479464367963374
1761508316306131000,7.289130859375,0.010032149192690848,0.004594963107444346,-0.0041445707251317795
1761508316316102100,7.29910205078125,0.02709083602130413,-0.0004851349021308124,0.006334116658661514
1761508316326073900,7.309073974609375,0.02021101337969303,0.0007290631932206452,-0.00013111556638032196
1761508316336045000,7.319045166015625,0.019762100568413734,0.000568465804029256,0.0036142541075590996
1761508316346016000,7.32901611328125,0.012426935374736785,-0.00188997846506536,0.0020369857203215358
1761508316355988000,7.338988037109375,0.010629530563950537,0.0013646394167095423,-0.0036313331065233796
1761508316365959000,7.348958984375,0.01182721591591835,-0.0028251404233276844,0.00038463366972282527
1761508316375929900,7.358929931640625,0.011081365984678267,-0.0019277349258773027,0.0034345866917166856
1761508316385901800,7.36890185546875,0.01362228263914585,0.003990695337671786,0.009055997636914252
1761508316395872800,7.378872802734375,0.018705284991860388,0.002461933134123683,0.00246977851386182
1761508316405845000,7.388844970703125,0.010323825615644454,0.002063983325101435,-0.0015250084770377724
1761508316415816000,7.39881591796875,0.03591244038045406,-0.0005739091641269624,-0.0018875673122704028
1761508316425787000,7.408786865234375,0.015559972703456878,0.0017053791457787154,-0.001187629748834297
1761508316435758800,7.4187587890625,0.01705517969727516,0.0015538418458774686,-0.005304390018433332
1761508316445730000,7.42872998046875,0.018851999986171722,0.005851064115762711,0.005591609461978077
1761508316455701800,7.43870166015625,0.014512509477138518,0.00351295829070732,0.004633130560209974
1761508316465673000,7.4486728515625,0.015258943930268287,0.005307221296336501,0.007236636722646653
1761508316475644000,7.458643798828125,0.020490999364852904,0.0024991416056640444,0.00117202118774876
1761508316485615900,7.468615966796875,0.02109071882367134,-0.006254585149046033,-0.0007190623890142888
1761508316495586800,7.4785869140625,0.01749707824587822,0.0037416342137381433,0.00045633806590922175
1761508316505559000,7.48855908203125,0.018389058649539946,0.00010190773820504546,0.003915200682356954
1761508316515530000,7.498530029296875,0.016144494593143464,0.001598064580094069,-0.00040495493854396044
1761508316525501000,7.5085009765625,0.007767126870155334,-0.003907784560881555,-0.007145433041546493
1761508316535473000,7.518472900390625,0.019891279906034467,-0.009547891073394566,-0.006159235015790909
1761508316545444000,7.528444091796875,0.02692074015140533,-0.003872457519173622,-0.0018034966248553245
1761508316555415800,7.538415771484375,0.012253916895389556,0.002346453528292477,-0.0013020864413585513
1761508316565387000,7.548386962890625,0.01823942104578018,-0.0019917583391070364,0.0025891762429848314
1761508316575358000,7.55835791015625,0.020785013875365257,0.0006685469113290309,-0.0031764106795657424
1761508316585330000,7.568329833984375,0.021833646145462987,0.0028135230507701633,-0.00482411395451054
1761508316595300900,7.57830078125,0.02003273420333862,-0.004835822658613324,-0.0016659421845339238
1761508316605272000,7.58827197265625,0.014940379500389098,-0.0026231698441319166,0.0037141616849228737
1761508316615244000,7.598244140625,0.017934300619363783,0.004191350742615759,-0.0012083985422272235
1761508316625215000,7.608215087890625,0.02182838544845581,0.006471661965828389,-0.004116166614554822
1761508316635187000,7.61818701171875,0.01823942104578018,-0.004688029952067882,0.0022762013036757706
1761508316645158100,7.628158203125,0.01629237863123417,0.003345456236694008,0.004940954400366172
1761508316655128800,7.63812890625,0.017937223228812218,-0.002087090206053108,0.0006859090380836278
1761508316665101000,7.64810107421875,0.013597148197889328,0.00952449193149805,0.002114918927894905
1761508316675072000,7.658072021484375,0.013296703946590422,0.0015891140886582433,-0.00006427000840194523
1761508316685044000,7.6680439453125,0.01554068348109722,-0.010377656428422779,-0.00632443551486358
1761508316695015000,7.678014892578125,0.010453004953265189,0.0020244184996932742,0.004348532332014292
1761508316704985900,7.68798583984375,0.009103928431868552,0.002586838155426085,-0.004204429419897496
1761508316714958000,7.6979580078125,0.013144728255271911,0.0058333457959815855,0.003470653518941253
1761508316724928800,7.7079287109375,0.01808218465745449,0.004048142879642546,0.001830375498626381
1761508316734901000,7.71790087890625,0.01509410875737667,0.003364690660126507,0.0014152918917126954
1761508316744872000,7.727871826171875,0.016591069316864014,0.0006408003878779709,0.0027816940072458237
1761508316754843000,7.7378427734375,0.01733925733566284,0.0013422631881199777,-0.0038913722821976985
1761508316764814800,7.74781494140625,0.009109773650765419,0.006584712152555585,-0.005141865533636883
1761508316774786000,7.7577861328125,0.009860299757122992,0.002619991506356746,-0.002207693511573598
1761508316784757800,7.7677578125,0.01374737032353878,0.004966499833576381,0.004175687382603064
1761508316794729000,7.77772900390625,0.01359656367599964,-0.003322166692651808,0.0015815701030194758
1761508316804700000,7.787699951171875,0.011501052701473235,-0.0017945370002649724,-0.0043975956381298595
1761508316814672000,7.797671875,0.016440262669324874,0.00486300292648375,0.0008578132725786418
1761508316824642800,7.807642822265625,0.009854454538226127,0.00015844196472316978,-0.003643078343244269
1761508316834614000,7.817614013671875,0.01179974338710308,-0.0061439826477318995,-0.0025474651262629776
1761508316844586000,7.8275859375,0.017640286108851433,0.003576525046210736,-0.0010186298574786632
1761508316854557000,7.837556884765625,0.013302549165487289,0.00991685224995017,0.0033227694808505475
1761508316864529000,7.84752880859375,0.014347089782357216,-0.0009746354521252214,0.009171468109590932
1761508316874500000,7.8575,0.02167933236658573,0.006614705432020127,-0.004819437779393047
1761508316884471000,7.867470947265625,0.01614507911503315,-0.0005103424086235463,0.00040134734250605106
1761508316894443000,7.877443115234375,0.025724223843216893,-0.00020721300989389417,0.0012820939661003648
1761508316904414000,7.8874140625,0.023930326163768768,0.00020332228606566785,0.0025408709886949508
1761508316914386000,7.897385986328125,0.02796878789961338,0.004426145879179239,0.0029272034251596776
1761508316924356900,7.90735693359375,0.025424948635697362,0.0018861608064733445,0.003367129212385043
1761508316934327800,7.917327880859375,0.020782091265916822,-0.0004024981199763715,-0.00011325111612677573
1761508316944300000,7.927300048828125,0.017637948021292687,0.0034928653507493436,-0.0037928255448583512
1761508316954270700,7.937270751953125,0.015096446844935416,0.00041385976420715446,-0.00695827643899247
1761508316964243000,7.947242919921875,0.018091537007689475,0.0022392668267711994,-0.00546504220655188
1761508316974214000,7.9572138671875,0.012103110247850418,0.0012172851015813649,-0.0008838427629787475
1761508316984185000,7.96718505859375,0.018687164813280106,0.005135353594459593,-0.0007661072679795325
1761508316994156800,7.97715673828125,0.014343582651019095,0.0007971965259872376,0.0018338734968099742
1761508317004128000,7.9871279296875,0.016437340059876442,-0.0010578202235512434,0.0023724282197654244
1761508317014099700,7.997099609375,0.016287117934226988,0.005764207816217094,-0.0033083390966989097
1761508317024070100,8.007070068359376,0.016285364368557927,0.005821344830933958,-0.0032591205269563942
1761508317034040800,8.017040771484375,0.0137421096265316,0.002328881338983774,0.002733589682355523
1761508317044011800,8.02701171875,0.007905074036121368,-0.0017612375188618898,-0.0011352237081620842
1761508317053984000,8.03698388671875,0.02301730297207832,0.0039044600926339624,0.005710084742493927
1761508317063955000,8.046954833984374,0.022565467551350592,-0.0005675707548856735,0.003024480654019862
1761508317073927000,8.056927001953126,0.020918869388103483,0.002831844158750027,0.003576141453720629
1761508317083897900,8.06689794921875,0.021065584382414817,0.001350428228266537,0.0010243472122121603
1761508317093869000,8.076869140625,0.01657470270395279,0.0038755079927854236,-0.0013757727320771664
1761508317103840800,8.0868408203125,0.013729250144958495,0.0021058314391411838,0.011138219871604814
1761508317113812000,8.09681201171875,0.019267010527849196,-0.005564264797326177,0.0019980510825756935
1761508317123784000,8.106783935546876,0.02345569438934326,-0.0033939167546108364,0.003758576215384528
1761508317133755000,8.1167548828125,0.01911737292408943,-0.0021377061484381555,0.00008097454803064466
1761508317143725800,8.126725830078126,0.00969137293100357,0.0034918241711333394,-0.002010024648159742
1761508317153698000,8.136697998046875,0.012086159113049506,0.0016389628460630773,0.0017652195742353797
1761508317163668700,8.146668701171874,0.014184008175134658,0.004430109668243676,-0.008364024184225126
1761508317173640700,8.156640625,0.02106324629485607,-0.001449522954877466,0.0049009055177681145
1761508317183611600,8.166611572265625,0.01388064131438732,0.0063048540315590795,0.006604521964723244
1761508317193582600,8.17658251953125,0.02181318787932396,0.00443378119636327,-0.0037187373953405764
1761508317203554600,8.186554443359375,0.018370353949069974,0.0014888685845769942,0.004671444143448025
1761508317213525500,8.196525390625,0.014774959805607795,-0.0025155995501205323,-0.0026719043566845358
1761508317223497700,8.206497802734376,0.017167407900094984,-0.003817128869052976,0.0017265223985072225
1761508317233468400,8.216468505859375,0.025846973440051078,0.0009503777937032282,0.005307184763718396
1761508317243439600,8.226439697265626,0.016118775629997254,0.012047872929275035,0.000454895027494058
1761508317253411600,8.23641162109375,0.014025018221139907,-0.001995649062935263,-0.004594387718709185
1761508317263382800,8.2463828125,0.021805004572868346,-0.0006465542752295732,0.0016260485655628144
1761508317273353500,8.256353515625,0.017312953850626943,-0.0024826471285894513,0.004564641034416854
1761508317283325700,8.26632568359375,0.017611060014367103,0.004979249717295169,-0.00159125124681741
1761508317293296600,8.276296630859376,0.014767945542931557,0.004734645572770387,-0.0029689419413451105
1761508317303268600,8.2862685546875,0.013422376152873039,-0.004588953491766005,0.003454213840793818
1761508317313239600,8.296239501953124,0.0162649061024189,-0.005919142649602144,0.008273030565679074
1761508317323210800,8.306210693359375,0.017606968361139296,-0.0011922054592519997,0.007259396543726325
1761508317333182500,8.316182373046875,0.022094927430152893,0.007826145314704627,0.004127829652884975
1761508317343153700,8.326153564453126,0.015212766700983047,0.006478548364341258,-0.002506658191839233
1761508317353125600,8.336125732421875,0.023446342039108274,0.004768401711899787,0.006925899406196549
1761508317363096800,8.346096923828124,0.01865852324068546,-0.0002202916871756315,0.009645305299572646
1761508317373067500,8.356067626953125,0.014770868152379988,0.005482742260023951,0.009177980048768223
1761508317383039700,8.366039794921875,0.023152327528595924,0.0006550481089390814,0.006401464540138841
1761508317393011500,8.376011474609374,0.015966215416789054,-0.001099759669136256,0.006520496943080797
1761508317402983700,8.385983642578125,0.02045417448580265,0.003306275003775954,-0.0032110253352206197
1761508317412954600,8.39595458984375,0.035565818899869914,-0.006206910082418471,0.003096486444305628
1761508317422926600,8.405926513671876,0.011623217776417732,0.0019585501892492173,-0.004886255937907844
1761508317432897500,8.4158974609375,0.014612462720274924,-0.00007301043728366493,0.0015926029536873101
1761508317442868700,8.42586865234375,0.015060791009664535,0.0034216632780618966,0.000689562299894169
1761508317452840400,8.43584033203125,0.03390986838638782,0.00040584085453301664,0.0024464250377379355
1761508317462811600,8.445811767578125,0.012812135300040245,-0.000672766428720206,0.004795627645542845
1761508317472783600,8.45578369140625,0.019096330136060713,0.003055898705590516,0.006275600537611171
1761508317482754800,8.4657548828125,0.018498948764801026,0.0024496581744402647,0.0029183716647326946
1761508317492725500,8.4757255859375,0.021646014618873596,0.0029253128621727228,0.0015887396293226628
1761508317502697700,8.48569775390625,0.021501053190231323,-0.005112685104925185,0.0065547188730910415
1761508317512668700,8.495668701171875,0.018363339686393736,-0.0037969263312406837,-0.0002324479158502072
1761508317522640600,8.505640625,0.014774959805607795,0.002504932025633752,-0.0016354648478794842
1761508317532611600,8.515611572265625,0.02195464217662811,0.001558152694813907,-0.001301693715713918
1761508317542582800,8.525582763671874,0.02060615017712116,-0.00008212532550096511,-0.0037347021494526416
1761508317552554500,8.535554443359375,0.018809914410114287,0.005587627406604588,0.005150879957154393
1761508317562525700,8.545525634765625,0.015218027397990226,-0.0044035321885719896,-0.0008491915747057646
1761508317572497700,8.55549755859375,0.010428455033898353,-0.0002892835364677012,0.005126540100341663
1761508317582468900,8.56546875,0.014317863687872886,0.006159673407208174,0.00009233619226142764
1761508317592439600,8.575439453125,0.020149638581275938,-0.007384338097646832,0.0056464449217543
1761508317602411800,8.585411865234375,0.017155717462301254,-0.0007100479654967784,0.007027624481311068
1761508317612382700,8.5953828125,0.008178045758605004,-0.0004037219626829028,-0.0019967815740965307
1761508317622354700,8.605354736328126,0.012218261060118675,0.004339855835214257,0.0008882084108423441
1761508317632325600,8.61532568359375,0.022245149555802344,0.006214381002821028,0.002859764212137088
1761508317642296600,8.625296630859374,0.021646599140763282,-0.002739179172925651,0.009563225639844313
1761508317652268500,8.6352685546875,0.01895136870741844,0.003384144279267639,0.0026616843567695467
1761508317662239500,8.645239501953125,0.020450082832574844,0.0029302812982350585,0.002137687882129103
1761508317672210700,8.655210693359376,0.016407529443502426,-0.0021594430562108754,0.0037975930515211074
1761508317682182700,8.6651826171875,0.020146715971827506,0.001617006742581725,-0.007070824302220717
1761508317692153600,8.675153564453124,0.01476034675836563,-0.004524747415445745,0.0025025848049204796
1761508317702125600,8.68512548828125,0.014908230796456336,-0.0014508929280564189,-0.0009512454433832317
1761508317712096800,8.6950966796875,0.01550327408015728,-0.0016677140165120361,-0.0014961477087344973
1761508317722067700,8.705067626953126,0.018642741149663924,-0.003124744424410164,-0.002546469612419605
1761508317732039700,8.715039794921875,0.018192074772715568,0.0060263658837415275,0.0005378058042842895
1761508317742010600,8.7250107421875,0.01923895347714424,0.000055785307846963404,-0.006046805883571506
1761508317751982600,8.734982666015625,0.02507306645810604,-0.0034093883183784783,-0.0005676255538128316
1761508317761953500,8.74495361328125,0.008309563183784485,0.002057151725515723,0.003948372299596667
1761508317771924700,8.7549248046875,0.015787351718544958,0.00153798668961972,0.005480395039310679
1761508317781896700,8.764896728515625,0.01429156020283699,0.007568645155988633,0.0007804828532040119
1761508317791867600,8.77486767578125,0.010253682988882065,-0.0025356376911513504,-0.004342814977280796
1761508317801839600,8.784839599609375,0.015791443371772764,0.0030030908061191436,0.00035782786118797956
1761508317811810800,8.794810791015625,0.013845570001006125,-0.00480575631391257,0.002995884747197851
1761508317821781800,8.80478173828125,0.015195231044292448,0.003011895167082548,-0.001700346777634695
1761508317831753700,8.814753662109375,0.00890928264260292,0.0013335136260837317,0.005983851049421355
1761508317841724700,8.824724609375,0.021930092257261277,-0.0007844283759593963,-0.001315694841602817
1761508317851696600,8.834696533203125,0.031359599381685255,0.001660900683235377,0.0033002653880976137
1761508317861667600,8.84466748046875,0.016547814697027204,0.0015792137491516768,0.00358134735180065
1761508317871638500,8.854638427734375,0.015197569131851196,-0.0009827274270355702,-0.010440638662036508
1761508317881610800,8.86461083984375,0.015194646522402763,0.003913447116687893,0.002752075187116861
1761508317891581400,8.87458154296875,0.023870704931020736,0.00786485162358731,0.005712779023079201
1761508317901553700,8.8845537109375,0.017138766327500343,0.011223934526834636,0.0015368724447675048
1761508317911524600,8.894524658203125,0.015192892956733702,0.0004950535079464316,-0.00042210700274445117
1761508317921495600,8.90449560546875,0.01953530607521534,0.00899434884386137,-0.00036573717300780116
1761508317931467500,8.914467529296875,0.008463292440772057,0.006550846415571868,0.002736384427640587
1761508317941438700,8.924438720703124,0.026418635848164555,-0.004062372334394604,0.005514160311594605
1761508317951409700,8.93440966796875,0.01893441757261753,-0.003994293800555169,0.009178327108640224
1761508317961381600,8.944381591796875,0.010108137038350104,0.001433065010420978,0.0027297720237635073
1761508317971352600,8.9543525390625,0.01474164205789566,-0.0011160349505022168,0.0027217074483167378
1761508317981324800,8.96432470703125,0.010102876341342925,0.00015930048124864697,0.007317236811341717
1761508317991295500,8.97429541015625,0.01713233658671379,-0.005300736756622791,0.00639177426318638
1761508318001266700,8.9842666015625,0.023116087171435356,-0.0021516616085544226,0.0025487255015876143
1761508318011238700,8.99423876953125,0.020424363869428634,0.0014132825977168975,-0.005900739343231543
1761508318021209600,9.004209716796876,0.02012567318379879,0.005295275130216032,-0.007425820885505527
1761508318031181600,9.014181640625,0.0038087446331977843,0.01159249384459108,-0.005647495234524831
1761508318041152800,9.02415283203125,0.032678865286707874,-0.010384305364917964,-0.00024573665568605063
1761508318051123700,9.034123779296875,0.012320552390813826,0.0031309915021061896,-0.002028784147556871
1761508318061095700,9.044095703125,0.023389058893918988,-0.0016646818092092871,0.0014442257252521812
1761508318071066600,9.054066650390626,0.019798925447463988,0.008532540018390863,-0.006275920198019594
1761508318081038600,9.06403857421875,0.02832768433988094,0.006632460284419358,0.0012417254230938852
1761508318091009500,9.074009521484374,0.026534371182322502,-0.004527761356439441,0.00870331174172461
1761508318100980700,9.083980712890625,0.01441664788722992,0.0023826208202168343,0.007003019763017073
1761508318110952700,9.09395263671875,0.025787352207303046,0.005431742725148797,0.005997368118120357
1761508318120923600,9.103923583984376,0.018307225584983825,0.00016452464563772082,0.000011946166120469569
1761508318130894600,9.11389453125,0.0061871642023324964,0.0047730413543991745,-0.011967446370515972
1761508318140866800,9.12386669921875,0.025940496942400932,0.0026094518460333346,0.002591788325179368
1761508318150837800,9.133837646484375,0.019209142860770224,0.003313216201215982,-0.004251830491889268
1761508318160809200,9.143809326171874,0.016368366476893423,0.005635503402631729,0.0009201013864483684
1761508318170780200,9.1537802734375,0.024605448946356773,0.0007401691091246902,0.0038095848834142085
1761508318180751400,9.16375146484375,0.0129360539406538,0.0014123144833371043,0.004663032508129254
1761508318190723000,9.17372314453125,0.022366145586967468,-0.005144066623877733,0.005679835734702646
1761508318200694300,9.1836943359375,0.0261117618560791,0.0037200982353650033,0.0032806656384840606
1761508318210666200,9.193666259765624,0.02251929032206535,-0.0018659400023519992,0.0023396584613248703
1761508318220637400,9.203637451171875,0.016686346384882925,-0.0011469415454193948,-0.004634354402916506
1761508318230608100,9.213608154296875,0.02357026067972183,-0.0014859642414376138,0.0071811802083626385
1761508318240580400,9.223580322265626,0.02072773073017597,-0.0021598631813190875,0.00888551817452535
1761508318250551300,9.23355126953125,0.008756722429394721,-0.001086333931982517,0.0027478100039530543
1761508318260523300,9.243523193359374,0.013391981014609335,0.005254924853518605,0.0010915489632170646
1761508318270494200,9.253494140625,0.016682839253544808,0.003222523976769298,0.007228754810290411
1761508318280465400,9.26346533203125,0.014889526095986365,0.0021227460413239894,0.006252831583376974
1761508318290437000,9.27343701171875,0.016537877824902535,0.0017542415224947035,0.002752559244306758
1761508318300408300,9.283408203125,0.015790274327993393,0.006393171635828912,0.004205708061531186
1761508318310380300,9.29338037109375,0.023273908081650734,-0.007777721329405903,-0.0007301135059911757
1761508318320351500,9.3033515625,0.023875381106138228,0.0008163944168016314,-0.0005111278599128127
1761508318330322200,9.313322265625,0.021630232527852056,0.006456318266224116,0.007761272518103942
1761508318340294400,9.32329443359375,0.014893617749214171,0.003664678253699094,0.0012513609011191875
1761508318350265300,9.333265380859375,0.015645897421240805,0.0019249584469012914,-0.0005246631949208676
1761508318360237300,9.3432373046875,0.021181904238462446,-0.0019607969452627,-0.0023196020539849997
1761508318370208300,9.353208251953125,0.016990882289409637,0.003450542312674224,0.0019120806990191338
1761508318380179200,9.36317919921875,0.017441548666357994,-0.0016276194681413472,-0.0008233356142416596
1761508318390151200,9.373151123046876,-0.0002215337961912155,0.007726155538950115,-0.011812182743567972
1761508318400122000,9.3831220703125,0.0211707983225584,-0.0018156345872208475,0.008891564322821795
1761508318410094300,9.39309423828125,0.013387304839491843,0.00633577889278531,0.0015502799156121908
1761508318420065300,9.403065185546875,0.02161561948060989,-0.0055414684436284,0.005136148178903385
1761508318430036200,9.4130361328125,0.019669161587953565,-0.0002733187823556363,0.003949084685649722
1761508318440008200,9.42300830078125,0.023712884020805357,-0.0014305442597717045,0.004169495103834197
1761508318449979400,9.4329794921875,0.016235095486044883,0.004837448360119015,0.0035354167176876216
1761508318459950300,9.442950439453124,0.013393734580278396,0.0027723142575472592,0.0011982790070120244
1761508318469922300,9.45292236328125,0.01564355933368206,-0.001107321921084076,-0.009833576146978884
1761508318479893200,9.462893310546875,0.014297989943623543,-0.0024158837690018116,-0.0010471618322189897
1761508318489865200,9.472865234375,0.002326397120952606,0.0021614158175885675,0.0014674422040581703
